[Region:us-west1] Oregon
[us-west1] us-west1-a
[us-west1] us-west1-b
[us-west1] us-west1-c

[Region:us-west2] LA
[us-west2] us-west2-a
[us-west2] us-west2-b
[us-west2] us-west2-c

[Region:us-west3] SaltLakeCity
[us-west3] us-west3-a
[us-west3] us-west3-b
[us-west3] us-west3-c

[Region:us-west4] Vegas
[us-west4] us-west4-a
[us-west4] us-west4-b
[us-west4] us-west4-c

[Region:us-central1] Iowa   [Default]
[us-central1] us-central1-a
[us-central1] us-central1-b
[us-central1] us-central1-c [Default]

[Region:us-east1] S.Carolina
[us-east1] us-east1-a
[us-east1] us-east1-b
[us-east1] us-east1-c

[Region:us-east4] N.Virginia
[us-east4] us-east4-a
[us-east4] us-east4-b
[us-east4] us-east4-c

[Region:us-east5] Columbus
[us-east5] us-east5-a
[us-east5] us-east5-b
[us-east5] us-east5-c

[Region:us-south1] Dallas
[us-south1] us-south1-a
[us-south1] us-south1-b
[us-south1] us-south1-c

[Region:northamerica-northeast1] Montreal
[northamerica-northeast1] northamerica-northeast1-a
[northamerica-northeast1] northamerica-northeast1-b
[northamerica-northeast1] northamerica-northeast1-c

[Region:northamerica-northeast2] Toronto
[northamerica-northeast2] northamerica-northeast2-a
[northamerica-northeast2] northamerica-northeast2-b
[northamerica-northeast2] northamerica-northeast2-c

[Region:southamerica-west1] SanDiego
[southamerica-west1] southamerica-west1-a
[southamerica-west1] southamerica-west1-b
[southamerica-west1] southamerica-west1-c

[Region:southamerica-east1] SaoPaulo
[southamerica-east1] southamerica-east1-a
[southamerica-east1] southamerica-east1-b
[southamerica-east1] southamerica-east1-c

[Region:europe-west2] London
[europe-west2] europe-west2-a
[europe-west2] europe-west2-b
[europe-west2] europe-west2-c

[Region:europe-west1] Belgium
[europe-west1] europe-west1-a
[europe-west1] europe-west1-b
[europe-west1] europe-west1-c

[Region:europe-west4] Holland
[europe-west4] europe-west4-a
[europe-west4] europe-west4-b
[europe-west4] europe-west4-c

[Region:europe-west3] Frankfurt
[europe-west3] europe-west3-a
[europe-west3] europe-west3-b
[europe-west3] europe-west3-c

[Region:europe-west6] Zurich
[europe-west6] europe-west6-a
[europe-west6] europe-west6-b
[europe-west6] europe-west6-c

[Region:europe-north1] Finland
[europe-north1] europe-north1-a
[europe-north1] europe-north1-b
[europe-north1] europe-north1-c

[Region:europe-central2] Warsaw
[europe-central2] europe-central2-a
[europe-central2] europe-central2-b
[europe-central2] europe-central2-c

[Region:europe-west8] Milan
[europe-west8] europe-west8-a
[europe-west8] europe-west8-b
[europe-west8] europe-west8-c

[Region:europe-southwest1] Madrid
[europe-southwest1] europe-southwest1-a
[europe-southwest1] europe-southwest1-b
[europe-southwest1] europe-southwest1-c

[Region:europe-west9] Paris
[europe-west9] europe-west9-a
[europe-west9] europe-west9-b
[europe-west9] europe-west9-c

[Region:europe-west12] Torino
[europe-west12] europe-west12-a
[europe-west12] europe-west12-b
[europe-west12] europe-west12-c

[Region:europe-west10] Berlin
[europe-west10] europe-west10-a
[europe-west10] europe-west10-b
[europe-west10] europe-west10-c

[Region:asia-south1] Mumbai
[asia-south1] asia-south1-a
[asia-south1] asia-south1-b
[asia-south1] asia-south1-c

[Region:asia-south2] Dehli
[asia-south2] asia-south2-a
[asia-south2] asia-south2-b
[asia-south2] asia-south2-c

[Region:asia-southeast1] Singapore
[asia-southeast1] asia-southeast1-a
[asia-southeast1] asia-southeast1-b
[asia-southeast1] asia-southeast1-c

[Region:asia-southeast2] Jakarta
[asia-southeast2] asia-southeast2-a
[asia-southeast2] asia-southeast2-b
[asia-southeast2] asia-southeast2-c

[Region:asia-east2] HongKong
[asia-east2] asia-east2-a
[asia-east2] asia-east2-b
[asia-east2] asia-east2-c

[Region:asia-east1] Taiwan
[asia-east1] asia-east1-a
[asia-east1] asia-east1-b
[asia-east1] asia-east1-c

[Region:asia-northeast1] Tokyo
[asia-northeast1] asia-northeast1-a
[asia-northeast1] asia-northeast1-b
[asia-northeast1] asia-northeast1-c

[Region:asia-northeast2] Osaka
[asia-northeast2] asia-northeast2-a
[asia-northeast2] asia-northeast2-b
[asia-northeast2] asia-northeast2-c

[Region:australia-southeast1] Sydney
[australia-southeast1] australia-southeast1-a
[australia-southeast1] australia-southeast1-b
[australia-southeast1] australia-southeast1-c

[Region:australia-southeast2] Melbourne
[australia-southeast2] australia-southeast2-a
[australia-southeast2] australia-southeast2-b
[australia-southeast2] australia-southeast2-c

[Region:asia-northeast3] Seoul
[asia-northeast3] asia-northeast3-a
[asia-northeast3] asia-northeast3-b
[asia-northeast3] asia-northeast3-c